{"get":"fixtures","parameters":{"league":"61","season":"2023","round":"Regular Season - 34"},"errors":[],"results":9,"paging":{"current":1,"total":1},"response":[{"fixture":{"id":1045181,"referee":"W. Delajod","timezone":"UTC","date":"2024-05-19T19:00:00+00:00","timestamp":1716145200,"periods":{"first":1716145200,"second":1716148800},"venue":{"id":null,"name":"Decathlon Arena - Stade Pierre-Mauroy","city":"Villeneuve d'Ascq"},"status":{"long":"Match Finished","short":"FT","elapsed":90,"extra":null}},"league":{"id":61,"name":"Ligue 1","country":"France","logo":"https:\/\/media.api-sports.io\/football\/leagues\/61.png","flag":"https:\/\/media.api-sports.io\/flags\/fr.svg","season":2023,"round":"Regular Season - 34","standings":true},"teams":{"home":{"id":79,"name":"Lille","logo":"https:\/\/media.api-sports.io\/football\/teams\/79.png","winner":null},"away":{"id":84,"name":"Nice","logo":"https:\/\/media.api-sports.io\/football\/teams\/84.png","winner":null}},"goals":{"home":2,"away":2},"score":{"halftime":{"home":0,"away":1},"fulltime":{"home":2,"away":2},"extratime":{"home":null,"away":null},"penalty":{"home":null,"away":null}}},{"fixture":{"id":1045182,"referee":"E. Wattellier","timezone":"UTC","date":"2024-05-19T19:00:00+00:00","timestamp":1716145200,"periods":{"first":1716145200,"second":1716148800},"venue":{"id":666,"name":"Groupama Stadium","city":"D\u00e9cines-Charpieu"},"status":{"long":"Match Finished","short":"FT","elapsed":90,"extra":null}},"league":{"id":61,"name":"Ligue 1","country":"France","logo":"https:\/\/media.api-sports.io\/football\/leagues\/61.png","flag":"https:\/\/media.api-sports.io\/flags\/fr.svg","season":2023,"round":"Regular Season - 34","standings":true},"teams":{"home":{"id":80,"name":"Lyon","logo":"https:\/\/media.api-sports.io\/football\/teams\/80.png","winner":true},"away":{"id":95,"name":"Strasbourg","logo":"https:\/\/media.api-sports.io\/football\/teams\/95.png","winner":false}},"goals":{"home":2,"away":1},"score":{"halftime":{"home":1,"away":0},"fulltime":{"home":2,"away":1},"extratime":{"home":null,"away":null},"penalty":{"home":null,"away":null}}},{"fixture":{"id":1045180,"referee":"R. Lissorgue","timezone":"UTC","date":"2024-05-19T19:00:00+00:00","timestamp":1716145200,"periods":{"first":1716145200,"second":1716148800},"venue":{"id":20470,"name":"Stade Louis-II","city":"Monaco"},"status":{"long":"Match Finished","short":"FT","elapsed":90,"extra":null}},"league":{"id":61,"name":"Ligue 1","country":"France","logo":"https:\/\/media.api-sports.io\/football\/leagues\/61.png","flag":"https:\/\/media.api-sports.io\/flags\/fr.svg","season":2023,"round":"Regular Season - 34","standings":true},"teams":{"home":{"id":91,"name":"Monaco","logo":"https:\/\/media.api-sports.io\/football\/teams\/91.png","winner":true},"away":{"id":83,"name":"Nantes","logo":"https:\/\/media.api-sports.io\/football\/teams\/83.png","winner":false}},"goals":{"home":4,"away":0},"score":{"halftime":{"home":3,"away":0},"fulltime":{"home":4,"away":0},"extratime":{"home":null,"away":null},"penalty":{"home":null,"away":null}}},{"fixture":{"id":1045183,"referee":"M. Vernice","timezone":"UTC","date":"2024-05-19T19:00:00+00:00","timestamp":1716145200,"periods":{"first":1716145200,"second":1716148800},"venue":{"id":22707,"name":"Stade Auguste-Delaune","city":"Reims"},"status":{"long":"Match Finished","short":"FT","elapsed":90,"extra":null}},"league":{"id":61,"name":"Ligue 1","country":"France","logo":"https:\/\/media.api-sports.io\/football\/leagues\/61.png","flag":"https:\/\/media.api-sports.io\/flags\/fr.svg","season":2023,"round":"Regular Season - 34","standings":true},"teams":{"home":{"id":93,"name":"Reims","logo":"https:\/\/media.api-sports.io\/football\/teams\/93.png","winner":true},"away":{"id":94,"name":"Rennes","logo":"https:\/\/media.api-sports.io\/football\/teams\/94.png","winner":false}},"goals":{"home":2,"away":1},"score":{"halftime":{"home":0,"away":0},"fulltime":{"home":2,"away":1},"extratime":{"home":null,"away":null},"penalty":{"home":null,"away":null}}},{"fixture":{"id":1045178,"referee":"J. Pignard","timezone":"UTC","date":"2024-05-19T19:00:00+00:00","timestamp":1716145200,"periods":{"first":1716145200,"second":1716148800},"venue":{"id":682,"name":"Stadium de Toulouse","city":"Toulouse"},"status":{"long":"Match Finished","short":"FT","elapsed":90,"extra":null}},"league":{"id":61,"name":"Ligue 1","country":"France","logo":"https:\/\/media.api-sports.io\/football\/leagues\/61.png","flag":"https:\/\/media.api-sports.io\/flags\/fr.svg","season":2023,"round":"Regular Season - 34","standings":true},"teams":{"home":{"id":96,"name":"Toulouse","logo":"https:\/\/media.api-sports.io\/football\/teams\/96.png","winner":false},"away":{"id":106,"name":"Stade Brestois 29","logo":"https:\/\/media.api-sports.io\/football\/teams\/106.png","winner":true}},"goals":{"home":0,"away":3},"score":{"halftime":{"home":0,"away":0},"fulltime":{"home":0,"away":3},"extratime":{"home":null,"away":null},"penalty":{"home":null,"away":null}}},{"fixture":{"id":1045179,"referee":"C. Turpin","timezone":"UTC","date":"2024-05-19T19:00:00+00:00","timestamp":1716145200,"periods":{"first":1716145200,"second":1716148800},"venue":{"id":656,"name":"Stade du Moustoir - Yves Allainmat","city":"Lorient"},"status":{"long":"Match Finished","short":"FT","elapsed":90,"extra":null}},"league":{"id":61,"name":"Ligue 1","country":"France","logo":"https:\/\/media.api-sports.io\/football\/leagues\/61.png","flag":"https:\/\/media.api-sports.io\/flags\/fr.svg","season":2023,"round":"Regular Season - 34","standings":true},"teams":{"home":{"id":97,"name":"Lorient","logo":"https:\/\/media.api-sports.io\/football\/teams\/97.png","winner":true},"away":{"id":99,"name":"Clermont Foot","logo":"https:\/\/media.api-sports.io\/football\/teams\/99.png","winner":false}},"goals":{"home":5,"away":0},"score":{"halftime":{"home":2,"away":0},"fulltime":{"home":5,"away":0},"extratime":{"home":null,"away":null},"penalty":{"home":null,"away":null}}},{"fixture":{"id":1045185,"referee":"J. Stinat","timezone":"UTC","date":"2024-05-19T19:00:00+00:00","timestamp":1716145200,"periods":{"first":1716145200,"second":1716148800},"venue":{"id":652,"name":"Stade Oc\u00e9ane","city":"Le Havre"},"status":{"long":"Match Finished","short":"FT","elapsed":90,"extra":null}},"league":{"id":61,"name":"Ligue 1","country":"France","logo":"https:\/\/media.api-sports.io\/football\/leagues\/61.png","flag":"https:\/\/media.api-sports.io\/flags\/fr.svg","season":2023,"round":"Regular Season - 34","standings":true},"teams":{"home":{"id":111,"name":"Le Havre","logo":"https:\/\/media.api-sports.io\/football\/teams\/111.png","winner":false},"away":{"id":81,"name":"Marseille","logo":"https:\/\/media.api-sports.io\/football\/teams\/81.png","winner":true}},"goals":{"home":1,"away":2},"score":{"halftime":{"home":0,"away":0},"fulltime":{"home":1,"away":2},"extratime":{"home":null,"away":null},"penalty":{"home":null,"away":null}}},{"fixture":{"id":1045186,"referee":"G. Angoula","timezone":"UTC","date":"2024-05-19T19:00:00+00:00","timestamp":1716145200,"periods":{"first":1716145200,"second":1716148800},"venue":{"id":658,"name":"Stade Saint-Symphorien","city":"Longeville-l\u00e8s-Metz"},"status":{"long":"Match Finished","short":"FT","elapsed":90,"extra":null}},"league":{"id":61,"name":"Ligue 1","country":"France","logo":"https:\/\/media.api-sports.io\/football\/leagues\/61.png","flag":"https:\/\/media.api-sports.io\/flags\/fr.svg","season":2023,"round":"Regular Season - 34","standings":true},"teams":{"home":{"id":112,"name":"Metz","logo":"https:\/\/media.api-sports.io\/football\/teams\/112.png","winner":false},"away":{"id":85,"name":"Paris Saint Germain","logo":"https:\/\/media.api-sports.io\/football\/teams\/85.png","winner":true}},"goals":{"home":0,"away":2},"score":{"halftime":{"home":0,"away":2},"fulltime":{"home":0,"away":2},"extratime":{"home":null,"away":null},"penalty":{"home":null,"away":null}}},{"fixture":{"id":1045184,"referee":"T. L\u00e9onard","timezone":"UTC","date":"2024-05-19T19:00:00+00:00","timestamp":1716145200,"periods":{"first":1716145200,"second":1716148800},"venue":{"id":654,"name":"Stade Bollaert-Delelis","city":"Lens"},"status":{"long":"Match Finished","short":"FT","elapsed":90,"extra":null}},"league":{"id":61,"name":"Ligue 1","country":"France","logo":"https:\/\/media.api-sports.io\/football\/leagues\/61.png","flag":"https:\/\/media.api-sports.io\/flags\/fr.svg","season":2023,"round":"Regular Season - 34","standings":true},"teams":{"home":{"id":116,"name":"Lens","logo":"https:\/\/media.api-sports.io\/football\/teams\/116.png","winner":null},"away":{"id":82,"name":"Montpellier","logo":"https:\/\/media.api-sports.io\/football\/teams\/82.png","winner":null}},"goals":{"home":2,"away":2},"score":{"halftime":{"home":2,"away":0},"fulltime":{"home":2,"away":2},"extratime":{"home":null,"away":null},"penalty":{"home":null,"away":null}}}]}