{"get":"players","parameters":{"season":"2023","league":"61","team":"85"},"errors":[],"results":20,"paging":{"current":1,"total":3},"response":[{"player":{"id":268571,"name":"E. Bitshiabu","firstname":"El Chadaille","lastname":"Bitshiabu","age":20,"birth":{"date":"2005-05-16","place":"Villeneuve-Saint-Georges","country":"France"},"nationality":"France","height":"196","weight":"95","injured":false,"photo":"https:\/\/media.api-sports.io\/football\/players\/268571.png"},"statistics":[{"team":{"id":85,"name":"Paris Saint Germain","logo":"https:\/\/media.api-sports.io\/football\/teams\/85.png"},"league":{"id":61,"name":"Ligue 1","country":"France","logo":"https:\/\/media.api-sports.io\/football\/leagues\/61.png","flag":"https:\/\/media.api-sports.io\/flags\/fr.svg","season":2023},"games":{"appearences":null,"lineups":null,"minutes":null,"number":null,"position":"Defender","rating":null,"captain":false},"substitutes":{"in":null,"out":null,"bench":null},"shots":{"total":null,"on":null},"goals":{"total":null,"conceded":null,"assists":null,"saves":null},"passes":{"total":null,"key":null,"accuracy":null},"tackles":{"total":null,"blocks":null,"interceptions":null},"duels":{"total":null,"won":null},"dribbles":{"attempts":null,"success":null,"past":null},"fouls":{"drawn":null,"committed":null},"cards":{"yellow":null,"yellowred":null,"red":null},"penalty":{"won":null,"commited":null,"scored":null,"missed":null,"saved":null}}]},{"player":{"id":216,"name":"M. Icardi","firstname":"Mauro Emanuel","lastname":"Icardi Rivero","age":32,"birth":{"date":"1993-02-19","place":"Rosario","country":"Argentina"},"nationality":"Argentina","height":"181","weight":"75","injured":false,"photo":"https:\/\/media.api-sports.io\/football\/players\/216.png"},"statistics":[{"team":{"id":85,"name":"Paris Saint Germain","logo":"https:\/\/media.api-sports.io\/football\/teams\/85.png"},"league":{"id":61,"name":"Ligue 1","country":"France","logo":"https:\/\/media.api-sports.io\/football\/leagues\/61.png","flag":"https:\/\/media.api-sports.io\/flags\/fr.svg","season":2023},"games":{"appearences":null,"lineups":null,"minutes":null,"number":null,"position":"Attacker","rating":null,"captain":false},"substitutes":{"in":null,"out":null,"bench":null},"shots":{"total":null,"on":null},"goals":{"total":null,"conceded":null,"assists":null,"saves":null},"passes":{"total":null,"key":null,"accuracy":null},"tackles":{"total":null,"blocks":null,"interceptions":null},"duels":{"total":null,"won":null},"dribbles":{"attempts":null,"success":null,"past":null},"fouls":{"drawn":null,"committed":null},"cards":{"yellow":null,"yellowred":null,"red":null},"penalty":{"won":null,"commited":null,"scored":null,"missed":null,"saved":null}}]},{"player":{"id":336563,"name":"D. Gassama","firstname":"Djeidi","lastname":"Gassama","age":22,"birth":{"date":"2003-09-10","place":null,"country":"France"},"nationality":"France","height":"177","weight":"70","injured":false,"photo":"https:\/\/media.api-sports.io\/football\/players\/336563.png"},"statistics":[{"team":{"id":85,"name":"Paris Saint Germain","logo":"https:\/\/media.api-sports.io\/football\/teams\/85.png"},"league":{"id":61,"name":"Ligue 1","country":"France","logo":"https:\/\/media.api-sports.io\/football\/leagues\/61.png","flag":"https:\/\/media.api-sports.io\/flags\/fr.svg","season":2023},"games":{"appearences":null,"lineups":null,"minutes":null,"number":null,"position":"Attacker","rating":null,"captain":false},"substitutes":{"in":null,"out":null,"bench":null},"shots":{"total":null,"on":null},"goals":{"total":null,"conceded":null,"assists":null,"saves":null},"passes":{"total":null,"key":null,"accuracy":null},"tackles":{"total":null,"blocks":null,"interceptions":null},"duels":{"total":null,"won":null},"dribbles":{"attempts":null,"success":null,"past":null},"fouls":{"drawn":null,"committed":null},"cards":{"yellow":null,"yellowred":null,"red":null},"penalty":{"won":null,"commited":null,"scored":null,"missed":null,"saved":null}}]},{"player":{"id":260,"name":"C. Dagba","firstname":"Colin","lastname":"Obasanya Dagba","age":27,"birth":{"date":"1998-09-09","place":"B\u00e9thune","country":"France"},"nationality":"France","height":"170","weight":"62","injured":false,"photo":"https:\/\/media.api-sports.io\/football\/players\/260.png"},"statistics":[{"team":{"id":85,"name":"Paris Saint Germain","logo":"https:\/\/media.api-sports.io\/football\/teams\/85.png"},"league":{"id":61,"name":"Ligue 1","country":"France","logo":"https:\/\/media.api-sports.io\/football\/leagues\/61.png","flag":"https:\/\/media.api-sports.io\/flags\/fr.svg","season":2023},"games":{"appearences":null,"lineups":null,"minutes":null,"number":null,"position":"Defender","rating":null,"captain":false},"substitutes":{"in":null,"out":null,"bench":null},"shots":{"total":null,"on":null},"goals":{"total":null,"conceded":null,"assists":null,"saves":null},"passes":{"total":null,"key":null,"accuracy":null},"tackles":{"total":null,"blocks":null,"interceptions":null},"duels":{"total":null,"won":null},"dribbles":{"attempts":null,"success":null,"past":null},"fouls":{"drawn":null,"committed":null},"cards":{"yellow":null,"yellowred":null,"red":null},"penalty":{"won":null,"commited":null,"scored":null,"missed":null,"saved":null}}]},{"player":{"id":300,"name":"G. Wijnaldum","firstname":"Georginio Gregion Emile","lastname":"Wijnaldum","age":35,"birth":{"date":"1990-11-11","place":"Rotterdam","country":"Netherlands"},"nationality":"Netherlands","height":"173","weight":"74","injured":false,"photo":"https:\/\/media.api-sports.io\/football\/players\/300.png"},"statistics":[{"team":{"id":85,"name":"Paris Saint Germain","logo":"https:\/\/media.api-sports.io\/football\/teams\/85.png"},"league":{"id":61,"name":"Ligue 1","country":"France","logo":"https:\/\/media.api-sports.io\/football\/leagues\/61.png","flag":"https:\/\/media.api-sports.io\/flags\/fr.svg","season":2023},"games":{"appearences":null,"lineups":null,"minutes":null,"number":null,"position":"Midfielder","rating":null,"captain":false},"substitutes":{"in":null,"out":null,"bench":null},"shots":{"total":null,"on":null},"goals":{"total":null,"conceded":null,"assists":null,"saves":null},"passes":{"total":null,"key":null,"accuracy":null},"tackles":{"total":null,"blocks":null,"interceptions":null},"duels":{"total":null,"won":null},"dribbles":{"attempts":null,"success":null,"past":null},"fouls":{"drawn":null,"committed":null},"cards":{"yellow":null,"yellowred":null,"red":null},"penalty":{"won":null,"commited":null,"scored":null,"missed":null,"saved":null}}]},{"player":{"id":162146,"name":"K. Nagera","firstname":"Kenny","lastname":"Nagera","age":23,"birth":{"date":"2002-02-21","place":null,"country":"France"},"nationality":"France","height":"177","weight":"70","injured":false,"photo":"https:\/\/media.api-sports.io\/football\/players\/162146.png"},"statistics":[{"team":{"id":85,"name":"Paris Saint Germain","logo":"https:\/\/media.api-sports.io\/football\/teams\/85.png"},"league":{"id":61,"name":"Ligue 1","country":"France","logo":"https:\/\/media.api-sports.io\/football\/leagues\/61.png","flag":"https:\/\/media.api-sports.io\/flags\/fr.svg","season":2023},"games":{"appearences":null,"lineups":null,"minutes":null,"number":null,"position":"Attacker","rating":null,"captain":false},"substitutes":{"in":null,"out":null,"bench":null},"shots":{"total":null,"on":null},"goals":{"total":null,"conceded":null,"assists":null,"saves":null},"passes":{"total":null,"key":null,"accuracy":null},"tackles":{"total":null,"blocks":null,"interceptions":null},"duels":{"total":null,"won":null},"dribbles":{"attempts":null,"success":null,"past":null},"fouls":{"drawn":null,"committed":null},"cards":{"yellow":null,"yellowred":null,"red":null},"penalty":{"won":null,"commited":null,"scored":null,"missed":null,"saved":null}}]},{"player":{"id":20568,"name":"A. Letellier","firstname":"Alexandre","lastname":"Letellier","age":34,"birth":{"date":"1990-12-11","place":"Paris","country":"France"},"nationality":"France","height":"193 cm","weight":"93 kg","injured":false,"photo":"https:\/\/media.api-sports.io\/football\/players\/20568.png"},"statistics":[{"team":{"id":85,"name":"Paris Saint Germain","logo":"https:\/\/media.api-sports.io\/football\/teams\/85.png"},"league":{"id":61,"name":"Ligue 1","country":"France","logo":"https:\/\/media.api-sports.io\/football\/leagues\/61.png","flag":"https:\/\/media.api-sports.io\/flags\/fr.svg","season":2023},"games":{"appearences":0,"lineups":0,"minutes":0,"number":null,"position":"Goalkeeper","rating":null,"captain":false},"substitutes":{"in":0,"out":0,"bench":6},"shots":{"total":null,"on":null},"goals":{"total":0,"conceded":0,"assists":null,"saves":null},"passes":{"total":null,"key":null,"accuracy":null},"tackles":{"total":null,"blocks":null,"interceptions":null},"duels":{"total":null,"won":null},"dribbles":{"attempts":null,"success":null,"past":null},"fouls":{"drawn":null,"committed":null},"cards":{"yellow":0,"yellowred":0,"red":0},"penalty":{"won":null,"commited":null,"scored":0,"missed":0,"saved":0}}]},{"player":{"id":409217,"name":"Serif Nhaga","firstname":"Serif","lastname":"Nhaga","age":20,"birth":{"date":"2005-09-01","place":null,"country":"Guinea-Bissau"},"nationality":"Portugal","height":"170 cm","weight":"66 kg","injured":false,"photo":"https:\/\/media.api-sports.io\/football\/players\/409217.png"},"statistics":[{"team":{"id":85,"name":"Paris Saint Germain","logo":"https:\/\/media.api-sports.io\/football\/teams\/85.png"},"league":{"id":61,"name":"Ligue 1","country":"France","logo":"https:\/\/media.api-sports.io\/football\/leagues\/61.png","flag":"https:\/\/media.api-sports.io\/flags\/fr.svg","season":2023},"games":{"appearences":0,"lineups":0,"minutes":0,"number":null,"position":"Defender","rating":null,"captain":false},"substitutes":{"in":0,"out":0,"bench":0},"shots":{"total":null,"on":null},"goals":{"total":0,"conceded":null,"assists":null,"saves":null},"passes":{"total":null,"key":null,"accuracy":null},"tackles":{"total":null,"blocks":null,"interceptions":null},"duels":{"total":null,"won":null},"dribbles":{"attempts":null,"success":null,"past":null},"fouls":{"drawn":null,"committed":null},"cards":{"yellow":0,"yellowred":0,"red":0},"penalty":{"won":null,"commited":null,"scored":null,"missed":null,"saved":null}}]},{"player":{"id":386275,"name":"I. Housni","firstname":"Ilyes","lastname":"Housni","age":20,"birth":{"date":"2005-05-14","place":"Cr\u00e9teil","country":"France"},"nationality":"France","height":"176 cm","weight":"70 kg","injured":false,"photo":"https:\/\/media.api-sports.io\/football\/players\/386275.png"},"statistics":[{"team":{"id":85,"name":"Paris Saint Germain","logo":"https:\/\/media.api-sports.io\/football\/teams\/85.png"},"league":{"id":61,"name":"Ligue 1","country":"France","logo":"https:\/\/media.api-sports.io\/football\/leagues\/61.png","flag":"https:\/\/media.api-sports.io\/flags\/fr.svg","season":2023},"games":{"appearences":0,"lineups":0,"minutes":0,"number":null,"position":"Attacker","rating":null,"captain":false},"substitutes":{"in":0,"out":0,"bench":0},"shots":{"total":null,"on":null},"goals":{"total":0,"conceded":null,"assists":null,"saves":null},"passes":{"total":null,"key":null,"accuracy":null},"tackles":{"total":null,"blocks":null,"interceptions":null},"duels":{"total":null,"won":null},"dribbles":{"attempts":null,"success":null,"past":null},"fouls":{"drawn":null,"committed":null},"cards":{"yellow":0,"yellowred":0,"red":0},"penalty":{"won":null,"commited":null,"scored":null,"missed":null,"saved":null}}]},{"player":{"id":386285,"name":"Yoram\\t Zague","firstname":"Yoram","lastname":"Zague","age":19,"birth":{"date":"2006-05-15","place":"Paris","country":"France"},"nationality":"France","height":"168","weight":"58","injured":false,"photo":"https:\/\/media.api-sports.io\/football\/players\/386285.png"},"statistics":[{"team":{"id":85,"name":"Paris Saint Germain","logo":"https:\/\/media.api-sports.io\/football\/teams\/85.png"},"league":{"id":61,"name":"Ligue 1","country":"France","logo":"https:\/\/media.api-sports.io\/football\/leagues\/61.png","flag":"https:\/\/media.api-sports.io\/flags\/fr.svg","season":2023},"games":{"appearences":5,"lineups":4,"minutes":372,"number":null,"position":"Defender","rating":"6.700000","captain":false},"substitutes":{"in":1,"out":0,"bench":2},"shots":{"total":2,"on":1},"goals":{"total":1,"conceded":0,"assists":0,"saves":null},"passes":{"total":307,"key":3,"accuracy":56},"tackles":{"total":18,"blocks":null,"interceptions":4},"duels":{"total":50,"won":23},"dribbles":{"attempts":3,"success":2,"past":null},"fouls":{"drawn":3,"committed":5},"cards":{"yellow":1,"yellowred":0,"red":0},"penalty":{"won":null,"commited":null,"scored":0,"missed":0,"saved":null}}]},{"player":{"id":273,"name":"M. Verratti","firstname":"Marco","lastname":"Verratti","age":33,"birth":{"date":"1992-11-05","place":"Pescara","country":"Italy"},"nationality":"Italy","height":"165","weight":"60","injured":false,"photo":"https:\/\/media.api-sports.io\/football\/players\/273.png"},"statistics":[{"team":{"id":85,"name":"Paris Saint Germain","logo":"https:\/\/media.api-sports.io\/football\/teams\/85.png"},"league":{"id":61,"name":"Ligue 1","country":"France","logo":"https:\/\/media.api-sports.io\/football\/leagues\/61.png","flag":"https:\/\/media.api-sports.io\/flags\/fr.svg","season":2023},"games":{"appearences":0,"lineups":0,"minutes":0,"number":null,"position":"Midfielder","rating":null,"captain":false},"substitutes":{"in":0,"out":0,"bench":0},"shots":{"total":null,"on":null},"goals":{"total":0,"conceded":null,"assists":null,"saves":null},"passes":{"total":null,"key":null,"accuracy":null},"tackles":{"total":null,"blocks":null,"interceptions":null},"duels":{"total":null,"won":null},"dribbles":{"attempts":null,"success":null,"past":null},"fouls":{"drawn":null,"committed":null},"cards":{"yellow":0,"yellowred":0,"red":0},"penalty":{"won":null,"commited":null,"scored":null,"missed":null,"saved":null}}]},{"player":{"id":162473,"name":"Arnau Tenas","firstname":"Arnau","lastname":"Tenas Ure\u00f1a","age":24,"birth":{"date":"2001-05-30","place":"Vic","country":"Spain"},"nationality":"Spain","height":"185","weight":"85","injured":false,"photo":"https:\/\/media.api-sports.io\/football\/players\/162473.png"},"statistics":[{"team":{"id":85,"name":"Paris Saint Germain","logo":"https:\/\/media.api-sports.io\/football\/teams\/85.png"},"league":{"id":61,"name":"Ligue 1","country":"France","logo":"https:\/\/media.api-sports.io\/football\/leagues\/61.png","flag":"https:\/\/media.api-sports.io\/flags\/fr.svg","season":2023},"games":{"appearences":6,"lineups":5,"minutes":528,"number":null,"position":"Goalkeeper","rating":"7.116666","captain":false},"substitutes":{"in":1,"out":0,"bench":14},"shots":{"total":null,"on":null},"goals":{"total":0,"conceded":7,"assists":1,"saves":19},"passes":{"total":192,"key":1,"accuracy":null},"tackles":{"total":null,"blocks":null,"interceptions":null},"duels":{"total":null,"won":null},"dribbles":{"attempts":null,"success":null,"past":null},"fouls":{"drawn":null,"committed":null},"cards":{"yellow":0,"yellowred":0,"red":0},"penalty":{"won":null,"commited":null,"scored":0,"missed":0,"saved":2}}]},{"player":{"id":278,"name":"Kylian Mbapp\u00e9","firstname":"Kylian","lastname":"Mbapp\u00e9 Lottin","age":27,"birth":{"date":"1998-12-20","place":"Paris","country":"France"},"nationality":"France","height":"178","weight":"75","injured":false,"photo":"https:\/\/media.api-sports.io\/football\/players\/278.png"},"statistics":[{"team":{"id":85,"name":"Paris Saint Germain","logo":"https:\/\/media.api-sports.io\/football\/teams\/85.png"},"league":{"id":61,"name":"Ligue 1","country":"France","logo":"https:\/\/media.api-sports.io\/football\/leagues\/61.png","flag":"https:\/\/media.api-sports.io\/flags\/fr.svg","season":2023},"games":{"appearences":29,"lineups":24,"minutes":2159,"number":null,"position":"Attacker","rating":"7.917241","captain":false},"substitutes":{"in":5,"out":5,"bench":7},"shots":{"total":91,"on":59},"goals":{"total":27,"conceded":0,"assists":7,"saves":null},"passes":{"total":931,"key":40,"accuracy":null},"tackles":{"total":4,"blocks":null,"interceptions":2},"duels":{"total":224,"won":103},"dribbles":{"attempts":123,"success":61,"past":null},"fouls":{"drawn":38,"committed":19},"cards":{"yellow":4,"yellowred":0,"red":0},"penalty":{"won":null,"commited":null,"scored":6,"missed":2,"saved":null}}]},{"player":{"id":409215,"name":"Kouakou Joane Gadou","firstname":"Kouakou Joane","lastname":"Gadou","age":18,"birth":{"date":"2007-01-17","place":null,"country":"France"},"nationality":"France","height":"194","weight":"75","injured":false,"photo":"https:\/\/media.api-sports.io\/football\/players\/409215.png"},"statistics":[{"team":{"id":85,"name":"Paris Saint Germain","logo":"https:\/\/media.api-sports.io\/football\/teams\/85.png"},"league":{"id":61,"name":"Ligue 1","country":"France","logo":"https:\/\/media.api-sports.io\/football\/leagues\/61.png","flag":"https:\/\/media.api-sports.io\/flags\/fr.svg","season":2023},"games":{"appearences":0,"lineups":0,"minutes":0,"number":null,"position":"Defender","rating":null,"captain":false},"substitutes":{"in":0,"out":0,"bench":1},"shots":{"total":null,"on":null},"goals":{"total":0,"conceded":0,"assists":null,"saves":null},"passes":{"total":null,"key":null,"accuracy":null},"tackles":{"total":null,"blocks":null,"interceptions":null},"duels":{"total":null,"won":null},"dribbles":{"attempts":null,"success":null,"past":null},"fouls":{"drawn":null,"committed":null},"cards":{"yellow":0,"yellowred":0,"red":0},"penalty":{"won":null,"commited":null,"scored":0,"missed":0,"saved":null}}]},{"player":{"id":268572,"name":"\u00c9. Michut","firstname":"\u00c9douard","lastname":"Michut","age":22,"birth":{"date":"2003-03-04","place":"Aix-les-Bains","country":"France"},"nationality":"France","height":"176","weight":"73","injured":false,"photo":"https:\/\/media.api-sports.io\/football\/players\/268572.png"},"statistics":[{"team":{"id":85,"name":"Paris Saint Germain","logo":"https:\/\/media.api-sports.io\/football\/teams\/85.png"},"league":{"id":61,"name":"Ligue 1","country":"France","logo":"https:\/\/media.api-sports.io\/football\/leagues\/61.png","flag":"https:\/\/media.api-sports.io\/flags\/fr.svg","season":2023},"games":{"appearences":0,"lineups":0,"minutes":0,"number":null,"position":"Midfielder","rating":null,"captain":false},"substitutes":{"in":0,"out":0,"bench":0},"shots":{"total":null,"on":null},"goals":{"total":0,"conceded":null,"assists":null,"saves":null},"passes":{"total":null,"key":null,"accuracy":null},"tackles":{"total":null,"blocks":null,"interceptions":null},"duels":{"total":null,"won":null},"dribbles":{"attempts":null,"success":null,"past":null},"fouls":{"drawn":null,"committed":null},"cards":{"yellow":0,"yellowred":0,"red":0},"penalty":{"won":null,"commited":null,"scored":null,"missed":null,"saved":null}}]},{"player":{"id":386287,"name":"E. Mbapp\u00e9","firstname":"Ethan","lastname":"Mbapp\u00e9 Lottin","age":19,"birth":{"date":"2006-12-29","place":"Montreuil","country":"France"},"nationality":"France","height":"176","weight":"70","injured":false,"photo":"https:\/\/media.api-sports.io\/football\/players\/386287.png"},"statistics":[{"team":{"id":85,"name":"Paris Saint Germain","logo":"https:\/\/media.api-sports.io\/football\/teams\/85.png"},"league":{"id":61,"name":"Ligue 1","country":"France","logo":"https:\/\/media.api-sports.io\/football\/leagues\/61.png","flag":"https:\/\/media.api-sports.io\/flags\/fr.svg","season":2023},"games":{"appearences":3,"lineups":0,"minutes":45,"number":null,"position":"Midfielder","rating":"6.700000","captain":false},"substitutes":{"in":3,"out":0,"bench":12},"shots":{"total":1,"on":1},"goals":{"total":0,"conceded":0,"assists":0,"saves":null},"passes":{"total":43,"key":null,"accuracy":null},"tackles":{"total":null,"blocks":null,"interceptions":null},"duels":{"total":4,"won":1},"dribbles":{"attempts":null,"success":null,"past":null},"fouls":{"drawn":1,"committed":1},"cards":{"yellow":0,"yellowred":0,"red":0},"penalty":{"won":null,"commited":null,"scored":0,"missed":0,"saved":null}}]},{"player":{"id":41585,"name":"Gon\u00e7alo Ramos","firstname":"Gon\u00e7alo","lastname":"Matias Ramos","age":24,"birth":{"date":"2001-06-20","place":"Lisboa","country":"Portugal"},"nationality":"Portugal","height":"185","weight":"79","injured":false,"photo":"https:\/\/media.api-sports.io\/football\/players\/41585.png"},"statistics":[{"team":{"id":85,"name":"Paris Saint Germain","logo":"https:\/\/media.api-sports.io\/football\/teams\/85.png"},"league":{"id":61,"name":"Ligue 1","country":"France","logo":"https:\/\/media.api-sports.io\/football\/leagues\/61.png","flag":"https:\/\/media.api-sports.io\/flags\/fr.svg","season":2023},"games":{"appearences":29,"lineups":16,"minutes":1419,"number":null,"position":"Attacker","rating":"7.188888","captain":false},"substitutes":{"in":13,"out":13,"bench":16},"shots":{"total":36,"on":21},"goals":{"total":11,"conceded":0,"assists":1,"saves":null},"passes":{"total":392,"key":16,"accuracy":null},"tackles":{"total":25,"blocks":2,"interceptions":5},"duels":{"total":166,"won":85},"dribbles":{"attempts":19,"success":8,"past":null},"fouls":{"drawn":22,"committed":19},"cards":{"yellow":1,"yellowred":0,"red":0},"penalty":{"won":null,"commited":null,"scored":1,"missed":0,"saved":null}}]},{"player":{"id":161904,"name":"B. Barcola","firstname":"Bradley","lastname":"Barcola","age":23,"birth":{"date":"2002-09-02","place":"Lyon","country":"France"},"nationality":"France","height":"182","weight":"73","injured":false,"photo":"https:\/\/media.api-sports.io\/football\/players\/161904.png"},"statistics":[{"team":{"id":85,"name":"Paris Saint Germain","logo":"https:\/\/media.api-sports.io\/football\/teams\/85.png"},"league":{"id":61,"name":"Ligue 1","country":"France","logo":"https:\/\/media.api-sports.io\/football\/leagues\/61.png","flag":"https:\/\/media.api-sports.io\/flags\/fr.svg","season":2023},"games":{"appearences":25,"lineups":18,"minutes":1379,"number":null,"position":"Attacker","rating":"6.733333","captain":false},"substitutes":{"in":7,"out":15,"bench":9},"shots":{"total":1,"on":null},"goals":{"total":4,"conceded":0,"assists":null,"saves":null},"passes":{"total":90,"key":4,"accuracy":null},"tackles":{"total":5,"blocks":null,"interceptions":2},"duels":{"total":48,"won":24},"dribbles":{"attempts":18,"success":8,"past":null},"fouls":{"drawn":2,"committed":4},"cards":{"yellow":2,"yellowred":1,"red":0},"penalty":{"won":null,"commited":null,"scored":0,"missed":0,"saved":null}}]},{"player":{"id":409216,"name":"Senny Mayulu","firstname":"Senny","lastname":"Mayulu","age":19,"birth":{"date":"2006-05-17","place":"Le Blanc-Mesni","country":"France"},"nationality":"France","height":"183","weight":"69","injured":false,"photo":"https:\/\/media.api-sports.io\/football\/players\/409216.png"},"statistics":[{"team":{"id":85,"name":"Paris Saint Germain","logo":"https:\/\/media.api-sports.io\/football\/teams\/85.png"},"league":{"id":61,"name":"Ligue 1","country":"France","logo":"https:\/\/media.api-sports.io\/football\/leagues\/61.png","flag":"https:\/\/media.api-sports.io\/flags\/fr.svg","season":2023},"games":{"appearences":8,"lineups":3,"minutes":322,"number":null,"position":"Midfielder","rating":"6.862500","captain":false},"substitutes":{"in":5,"out":3,"bench":11},"shots":{"total":2,"on":null},"goals":{"total":0,"conceded":0,"assists":1,"saves":null},"passes":{"total":161,"key":6,"accuracy":null},"tackles":{"total":13,"blocks":null,"interceptions":3},"duels":{"total":37,"won":21},"dribbles":{"attempts":10,"success":5,"past":null},"fouls":{"drawn":3,"committed":8},"cards":{"yellow":0,"yellowred":0,"red":0},"penalty":{"won":null,"commited":null,"scored":0,"missed":0,"saved":null}}]},{"player":{"id":927,"name":"Lee Kang-In","firstname":"Kang-In","lastname":"Lee","age":24,"birth":{"date":"2001-02-19","place":"Incheon","country":"Korea Republic"},"nationality":"Korea Republic","height":"173","weight":"66","injured":false,"photo":"https:\/\/media.api-sports.io\/football\/players\/927.png"},"statistics":[{"team":{"id":85,"name":"Paris Saint Germain","logo":"https:\/\/media.api-sports.io\/football\/teams\/85.png"},"league":{"id":61,"name":"Ligue 1","country":"France","logo":"https:\/\/media.api-sports.io\/football\/leagues\/61.png","flag":"https:\/\/media.api-sports.io\/flags\/fr.svg","season":2023},"games":{"appearences":23,"lineups":18,"minutes":1470,"number":null,"position":"Midfielder","rating":"7.145454","captain":false},"substitutes":{"in":5,"out":12,"bench":6},"shots":{"total":13,"on":9},"goals":{"total":3,"conceded":0,"assists":4,"saves":null},"passes":{"total":903,"key":27,"accuracy":null},"tackles":{"total":26,"blocks":null,"interceptions":6},"duels":{"total":161,"won":77},"dribbles":{"attempts":45,"success":25,"past":null},"fouls":{"drawn":22,"committed":17},"cards":{"yellow":2,"yellowred":0,"red":0},"penalty":{"won":null,"commited":null,"scored":0,"missed":0,"saved":null}}]}]}